first,last,email,phone,street,city,state,zip,source,status,category,flags,salutation,note,next_action,next_action_date,property_section,property_lot,property_lot_alpha,property_space,property_sid,property_kind,property_spaces_owned,property_interments_used,property_deed,property_purchased_on
Delphine,Aristide,delphine.aristide@example.com,(206) 555-0101,4180 S Ridgeway Ln,Burien,WA,98166,Walk-In,Working,Pre-Need Cemetery,Veteran,"Dear Del,","Toured the veterans section, wants two spaces side by side",Call back about the veterans section,2026-06-18,,,,,,,,,,
Marcus,Bellweather,marcus.bellweather@example.com,(206) 555-0102,921 Cedar Grove Ave,Renton,WA,98055,Referral,Appointment Set,Pre-Need Funeral,,,,Annual plan review,2029-04-12,12,,A,5,,,2,0,D-118240,1994-05-16
Rosalind,Cadwallader,rosalind.cadwallader@example.com,(206) 555-0103,210 Emerald Hills Dr,SeaTac,WA,98148,Walk-In,New,Pre-Need Cemetery,,,,,,,,,,,,,,,
Teodoro,Vasquez-Marin,teodoro.vasquez@example.com,(206) 555-0104,55 Riverton Heights,SeaTac,WA,98148,Referral,Working,Pre-Need Funeral,,,Prefers his wife's family plot in section 12,,,12,,B,5,DEMO-1,,4,2,D-104772,1988-09-02
Henrietta,Doverhill,henrietta.doverhill@example.com,(206) 555-0105,63 Larkspur Ct,Tukwila,WA,98188,Direct Mail,Presented,Pre-Need Cemetery,Payment Plan,,,Send the payment schedule,2026-07-02,SCGF,,,13,,,1,1,D-221096,2011-03-28
Ignatius,Pemberly,ignatius.pemberly@example.com,(206) 555-0106,1877 Highline Ave S,Burien,WA,98166,Direct Mail,New,Pre-Need Funeral,,,,,,COH,,A,4,,,1,1,D-160355,2003-07-21
Solveig,Skagerling,solveig.skagerling@example.com,(206) 555-0107,42 Fauntleroy Way,Seattle,WA,98126,Web Lead,Working,Pre-Need Cemetery,,,,,,LUG,,B,12,DEMO-2,,1,0,D-233418,2016-02-09
Barnaby,Wickersham,barnaby.wickersham@example.com,(206) 555-0108,7712 Marine Hills Way,Federal Way,WA,98003,Web Lead,Working,Pre-Need Cemetery,,,,Second follow-up call,2026-07-10,15,,A,5,,,2,1,D-127903,1996-11-04
Clementine,Ashgrove,clementine.ashgrove@example.com,(206) 555-0109,3390 Military Rd S,SeaTac,WA,98188,At-Need Family,Sold,At-Need,Estate,"Dear Clem & family,",Service held in April. Estate paperwork complete.,,,COM,,A,104,,Crypt,1,1,D-198641,2008-06-13
Fitzgerald,Okonjo,fitzgerald.okonjo@example.com,(206) 555-0110,250 Kent-Des Moines Rd,Kent,WA,98032,Phone-In,Working,At-Need,,,,Call when he is back from the hospital,,,,,,,,,,,
Perpetua,Lindqvist,perpetua.lindqvist@example.com,(206) 555-0111,715 Three Tree Point Rd,Burien,WA,98166,Community Event,New,Pre-Need Cemetery,,,,,,08,,C,9,,,4,0,D-091507,1979-04-25
Oswald,Trembleton,oswald.trembleton@example.com,(206) 555-0112,1104 Angle Lake Dr,SeaTac,WA,98188,Walk-In,Appointment Set,Pre-Need Funeral,,,Coming in Thursday to look at urns.,,,,,,,,,,,,
Marisol,Echevarria,marisol.echevarria@example.com,(206) 555-0113,1490 Beacon Crest Dr,Seattle,WA,98108,Community Event,Working,Pre-Need Funeral,Spanish Speaking,,,Bring the Spanish brochure,2026-06-30,GOM,,B,1,,,1,0,D-244810,2019-08-30
Cornelius,Blythewood,cornelius.blythewood@example.com,(206) 555-0114,9 Star Lake Rd,Federal Way,WA,98003,Referral,Presented,Pre-Need Cemetery,Payment Plan,,,,,GCN,,A,3,,,2,0,D-215566,2010-01-15
Winifred,Halloway,winifred.halloway@example.com,(206) 555-0115,2266 Duwamish Trail,Seattle,WA,98108,Cold Call,Working,Other,,,,,,RUG,,NORTH,22,,,2,1,D-186229,2006-10-06
Ambrose,Ashendale,ambrose.ashendale@example.com,(206) 555-0116,480 Kent Valley Hwy,Kent,WA,98032,Cold Call,Not Interested,Other,Do Not Mail,,,,,,,,,,,,,,
Xiomara,Delacroix,xiomara.delacroix@example.com,(206) 555-0117,88 Normandy Terrace,Normandy Park,WA,98166,Existing Owner,Working,Existing Owner,,,,Marker order paperwork,2026-05-22,08,,B,7,DEMO-3,,2,1,D-073118,1971-06-17
Reginald,Tuppence,reginald.tuppence@example.com,(206) 555-0118,133 Salmon Creek Way,Burien,WA,98166,Direct Mail,Idle,Pre-Need Funeral,,,Asked us to check back next spring.,,,ELM,,A,13,,,1,0,D-207934,2009-05-11
Genevieve,Marchbanks,genevieve.marchbanks@example.com,(206) 555-0119,3305 Puget Sound Ave,Des Moines,WA,98198,Referral,Appointment Set,Pre-Need Cemetery,VIP; Estate,,,Review the trust paperwork,2029-09-04,MVC,,F,13,,,3,0,D-239075,2017-12-01
Thaddeus,Ravenscroft,thaddeus.ravenscroft@example.com,(206) 555-0120,7080 Sylvester Rd SW,Seattle,WA,98126,Phone-In,New,Family of Record,,,,,,20,,A,5,,,1,1,D-112680,1991-02-19
Beatrix,Sandoval-Reyes,beatrix.sandoval@example.com,(206) 555-0121,604 Ambaum Blvd SW,White Center,WA,98146,Walk-In,New,Pre-Need Cemetery,Spanish Speaking,,,Wait for her daughter to visit,,CN,,A,1,,,2,1,D-149302,2000-08-08
Ellsworth,Pennyworth,ellsworth.pennyworth@example.com,(206) 555-0122,512 Pacific Hwy S,Des Moines,WA,98198,Other,Do Not Contact,Other,Do Not Mail,,,,,,,,,,,,,,
Lucinda,Wintergarth,lucinda.wintergarth@example.com,(206) 555-0123,"1200 SW Sunset Blvd, Apt 4B",Renton,WA,98055,Cold Call,Working,Pre-Need Funeral,,,,Confirm she received the guide,2026-07-14,SER,,C,1,,,1,0,D-251447,2021-05-24
Horatio,Kingsley,horatio.kingsley@example.com,(206) 555-0124,1601 Highline Blvd,Burien,WA,98166,Existing Owner,Sold,Existing Owner,,,,,,ROAC,,A,2,,,1,2,D-173865,2004-03-09
Anneliese,Brightmore,anneliese.brightmore@example.com,(206) 555-0125,344 Chinook Wind Ln,Tukwila,WA,98188,Web Lead,Working,Veteran,Veteran,,,,,VETSM,,,61,,,1,0,D-228190,2013-11-12
,Vandermolen,m.vandermolen@example.com,(206) 555-0126,90 Boulevard Park Pl,Seattle,WA,98148,Walk-In,Working,Pre-Need Cemetery,,,,,,,,,,,,,,,
Cassius,Bramblewood,,,27 Longfellow Creek,Seattle,WA,98126,Referral,New,Pre-Need Funeral,,,,,,,,,,,,,,,
Philippa,Thornbecket,philippa.thornbecket@example.com,(206) 555-0128,1450 Southcenter Pkwy,Tukwila,WA,98188,,Working,Pre-Need Cemetery,,,,,,,,,,,,,,,
Ignacio,Ferreira,ignacio.ferreira@example.com,(206) 555-0129,806 Riverton Ave,SeaTac,WA,98148,Phone-In,,Pre-Need Funeral,,,,,,,,,,,,,,,
Octavia,Sternwood,octavia.sternwood@example.com,555-0130,2110 Pacific Hwy S,Federal Way,WA,98003,Community Event,Working,Pre-Need Cemetery,,,,,,,,,,,,,,,
Barnabas,Wickersham,barnaby.wickersham@example.com,(206) 555-0131,7712 Marine Hills Way,Federal Way,WA,98003,Web Lead,New,Pre-Need Cemetery,,,"Second entry for the Wickersham family, typed by mistake.",,,15,,D,5,,,2,0,D-127904,1996-11-04
